-- CUSTOMERS 
INSERT INTO customers (full_name, email, phone, address, created_at) VALUES
('Customer 1','customer1@example.com','9000000001','MG Road, Bangalore','2025-11-01 09:10:00'),
('Customer 2','customer2@example.com','9000000002','Hitech City, Hyderabad','2025-11-02 10:15:00'),
('Customer 3','customer3@example.com','9000000003','T.Nagar, Chennai','2025-11-03 11:20:00'),
('Customer 4','customer4@example.com','9000000004','Andheri, Mumbai','2025-11-04 12:25:00'),
('Customer 5','customer5@example.com','9000000005','Connaught Place, Delhi','2025-11-05 13:30:00'),
('Customer 6','customer6@example.com','9000000006','Koramangala, Bangalore','2025-11-06 14:35:00'),
('Customer 7','customer7@example.com','9000000007','Banjara Hills, Hyderabad','2025-11-07 15:40:00'),
('Customer 8','customer8@example.com','9000000008','Adyar, Chennai','2025-11-08 16:45:00'),
('Customer 9','customer9@example.com','9000000009','Bandra, Mumbai','2025-11-09 17:50:00'),
('Customer 10','customer10@example.com','9000000010','Saket, Delhi','2025-11-10 18:00:00'),
('Customer 11','customer11@example.com','9000000011','Jubilee Hills, Hyderabad','2025-11-11 09:00:00'),
('Customer 12','customer12@example.com','9000000012','Salt Lake, Kolkata','2025-11-12 10:10:00'),
('Customer 13','customer13@example.com','9000000013','Powai, Mumbai','2025-11-13 11:30:00'),
('Customer 14','customer14@example.com','9000000014','MG Road, Pune','2025-11-14 12:40:00'),
('Customer 15','customer15@example.com','9000000015','Indiranagar, Bangalore','2025-11-15 13:50:00'),
('Customer 16','customer16@example.com','9000000016','Charminar, Hyderabad','2025-11-16 14:00:00'),
('Customer 17','customer17@example.com','9000000017','Anna Nagar, Chennai','2025-11-17 15:10:00'),
('Customer 18','customer18@example.com','9000000018','Versova, Mumbai','2025-11-18 16:20:00'),
('Customer 19','customer19@example.com','9000000019','Greater Kailash, Delhi','2025-11-19 17:30:00'),
('Customer 20','customer20@example.com','9000000020','Kormangala 5th Block, Bangalore','2025-11-20 18:40:00'),
('Customer 21','customer21@example.com','9000000021','Hoodi, Bangalore','2025-11-21 09:05:00'),
('Customer 22','customer22@example.com','9000000022','Gachibowli, Hyderabad','2025-11-22 10:10:00'),
('Customer 23','customer23@example.com','9000000023','Velachery, Chennai','2025-11-23 11:15:00'),
('Customer 24','customer24@example.com','9000000024','Lower Parel, Mumbai','2025-11-24 12:20:00'),
('Customer 25','customer25@example.com','9000000025','Khan Market, Delhi','2025-11-25 13:25:00'),
('Customer 26','customer26@example.com','9000000026','Indore Sector 11, Madhya Pradesh','2025-11-26 14:30:00'),
('Customer 27','customer27@example.com','9000000027','Gurgaon Sector 14, Haryana','2025-11-27 15:35:00'),
('Customer 28','customer28@example.com','9000000028','Noida Sector 18, Uttar Pradesh','2025-11-28 16:40:00'),
('Customer 29','customer29@example.com','9000000029','Malleswaram, Bangalore','2025-11-29 17:45:00'),
('Customer 30','customer30@example.com','9000000030','Begumpet, Hyderabad','2025-10-30 09:00:00'),
('Customer 31','customer31@example.com','9000000031','Royapettah, Chennai','2025-10-29 10:05:00'),
('Customer 32','customer32@example.com','9000000032','Juhu, Mumbai','2025-10-28 11:10:00'),
('Customer 33','customer33@example.com','9000000033','Karol Bagh, Delhi','2025-10-27 12:15:00'),
('Customer 34','customer34@example.com','9000000034','Banashankari, Bangalore','2025-10-26 13:20:00'),
('Customer 35','customer35@example.com','9000000035','Madhapur, Hyderabad','2025-10-25 14:25:00'),
('Customer 36','customer36@example.com','9000000036','Teynampet, Chennai','2025-10-24 15:30:00'),
('Customer 37','customer37@example.com','9000000037','Worli, Mumbai','2025-10-23 16:35:00'),
('Customer 38','customer38@example.com','9000000038','Vasant Kunj, Delhi','2025-10-22 17:40:00'),
('Customer 39','customer39@example.com','9000000039','Kukatpally, Hyderabad','2025-10-21 18:45:00'),
('Customer 40','customer40@example.com','9000000040','Whitefield, Bangalore','2025-10-20 09:50:00'),
('Customer 41','customer41@example.com','9000000041','ECR, Chennai','2025-10-19 10:55:00'),
('Customer 42','customer42@example.com','9000000042','Thane, Mumbai','2025-10-18 11:00:00'),
('Customer 43','customer43@example.com','9000000043','Rohini, Delhi','2025-10-17 12:05:00'),
('Customer 44','customer44@example.com','9000000044','JP Nagar, Bangalore','2025-10-16 13:10:00'),
('Customer 45','customer45@example.com','9000000045','Secunderabad, Hyderabad','2025-10-15 14:15:00'),
('Customer 46','customer46@example.com','9000000046','Chromepet, Chennai','2025-10-14 15:20:00'),
('Customer 47','customer47@example.com','9000000047','Goregaon, Mumbai','2025-10-13 16:25:00'),
('Customer 48','customer48@example.com','9000000048','Lajpat Nagar, Delhi','2025-10-12 17:30:00'),
('Customer 49','customer49@example.com','9000000049','Hebbal, Bangalore','2025-10-11 18:35:00'),
('Customer 50','customer50@example.com','9000000050','Mira Road, Mumbai','2025-10-10 19:40:00');

-- RESTAURANTS
INSERT INTO restaurants (restaurant_name, category, city, rating, created_at) VALUES
('The Spice Corner','Indian','Bangalore',4.6,'2025-01-02 10:00:00'),
('Dragon Delights','Chinese','Hyderabad',4.1,'2025-01-03 11:00:00'),
('Pasta Palace','Italian','Chennai',4.4,'2025-01-04 12:00:00'),
('Taco Town','Mexican','Mumbai',4.0,'2025-01-05 13:00:00'),
('Bake House','Bakery','Delhi',4.8,'2025-01-06 14:00:00'),
('Royal Biryani','Indian','Hyderabad',4.3,'2025-01-07 15:00:00'),
('Olive & Thyme','Italian','Bangalore',4.5,'2025-01-08 16:00:00'),
('Wok This Way','Chinese','Mumbai',4.0,'2025-01-09 17:00:00'),
('Curry Palace','Indian','Chennai',4.2,'2025-01-10 18:00:00'),
('Sushi Express','Japanese','Delhi',4.4,'2025-01-11 09:15:00'),
('BBQ Barn','American','Bangalore',4.1,'2025-01-12 10:20:00'),
('Veggie Delight','Vegan','Hyderabad',4.3,'2025-01-13 11:25:00'),
('Masala Magic','Indian','Mumbai',4.2,'2025-01-14 12:30:00'),
('Pizza Point','Italian','Delhi',4.0,'2025-01-15 13:35:00'),
('Sweet Tooth','Dessert','Chennai',4.7,'2025-01-16 14:40:00'),
('Kebab Korner','Middle Eastern','Bangalore',4.2,'2025-01-17 15:45:00'),
('Noodle Nook','Asian','Hyderabad',4.1,'2025-01-18 16:50:00'),
('Coastal Catch','Seafood','Mumbai',4.5,'2025-01-19 17:55:00'),
('Wrap & Roll','Fast Food','Delhi',4.0,'2025-01-20 18:00:00'),
('Green Bowl','Healthy','Bangalore',4.4,'2025-01-21 09:05:00'),
('Dumpling House','Chinese','Chennai',4.1,'2025-01-22 10:10:00'),
('Saffron','Indian','Hyderabad',4.6,'2025-01-23 11:15:00'),
('The Grill','American','Mumbai',4.0,'2025-01-24 12:20:00'),
('Basil Bistro','Italian','Delhi',4.3,'2025-01-25 13:25:00'),
('Chai & Chat','Cafe','Bangalore',4.5,'2025-01-26 14:30:00'),
('Fish Fry','Seafood','Chennai',4.2,'2025-01-27 15:35:00'),
('Dosa Den','South Indian','Bangalore',4.7,'2025-01-28 16:40:00'),
('Momo Mania','Nepalese','Hyderabad',4.1,'2025-01-29 17:45:00'),
('Cocoa Corner','Dessert','Mumbai',4.6,'2025-01-30 18:50:00'),
('Burger Hub','Fast Food','Delhi',4.0,'2025-02-01 09:00:00'),
('Rice & Spice','Indian','Chennai',4.2,'2025-02-02 10:05:00'),
('Palate Palace','Multi Cuisine','Bangalore',4.4,'2025-02-03 11:10:00'),
('The Tea House','Cafe','Hyderabad',4.3,'2025-02-04 12:15:00'),
('Naan House','Indian','Mumbai',4.1,'2025-02-05 13:20:00'),
('Wrap Station','Fast Food','Delhi',4.0,'2025-02-06 14:25:00'),
('Spice Route','Indian','Bangalore',4.5,'2025-02-07 15:30:00'),
('Curry Leaf','South Indian','Chennai',4.3,'2025-02-08 16:35:00'),
('Rolling Sweets','Dessert','Mumbai',4.7,'2025-02-09 17:40:00'),
('Grill Master','BBQ','Hyderabad',4.2,'2025-02-10 18:45:00'),
('Falafel House','Middle Eastern','Delhi',4.1,'2025-02-11 09:10:00'),
('Pancake Place','Breakfast','Bangalore',4.6,'2025-02-12 10:15:00'),
('Savoury Spoon','Continental','Chennai',4.2,'2025-02-13 11:20:00'),
('Kabob Cafe','Middle Eastern','Mumbai',4.0,'2025-02-14 12:25:00'),
('Veggie Express','Vegan','Delhi',4.4,'2025-02-15 13:30:00'),
('The Rice Bowl','Asian','Bangalore',4.3,'2025-02-16 14:35:00'),
('Spice Shack','Indian','Hyderabad',4.2,'2025-02-17 15:40:00'),
('Munchies','Fast Food','Mumbai',4.1,'2025-02-18 16:45:00'),
('The Pancake Hub','Breakfast','Chennai',4.5,'2025-02-19 17:50:00'),
('Sizzle & Smoke','BBQ','Bangalore',4.0,'2025-02-20 18:55:00');

-- MENU_ITEMS
INSERT INTO menu_items (restaurant_id, item_name, price, is_available) VALUES
(1,'Chicken Chettinad',220.00,1),
(2,'Schezuan Chicken',210.00,1),
(3,'Spaghetti Alfredo',250.00,1),
(4,'Chicken Taco',180.00,1),
(5,'Chocolate Croissant',80.00,1),
(6,'Hyderabadi Biryani',240.00,1),
(7,'Margherita Pizza',300.00,1),
(8,'Veg Hakka Noodles',160.00,1),
(9,'Guntur Chicken',230.00,1),
(10,'Salmon Sushi Roll',350.00,1),
(11,'BBQ Ribs',420.00,1),
(12,'Quinoa Salad',200.00,1),
(13,'Butter Chicken',320.00,1),
(14,'Pepperoni Pizza',340.00,1),
(15,'Tiramisu',150.00,1),
(16,'Shawarma Platter',210.00,1),
(17,'Chili Garlic Noodles',170.00,1),
(18,'Grilled Prawns',380.00,1),
(19,'Paneer Wrap',140.00,1),
(20,'Veg Dumplings',160.00,1),
(21,'Chicken Biryani',250.00,1),
(22,'Lamb Korma',330.00,1),
(23,'Grilled Chicken Sandwich',190.00,1),
(24,'Fish Curry',270.00,1),
(25,'Masala Dosa',90.00,1),
(26,'Veg Momo',120.00,1),
(27,'Brownie Sundae',140.00,1),
(28,'Cheeseburger',220.00,1),
(29,'Paneer Butter Masala',280.00,1),
(30,'Buffet Platter',450.00,1),
(31,'Masala Chai',40.00,1),
(32,'Garlic Naan',50.00,1),
(33,'Falafel Wrap',170.00,1),
(34,'Blueberry Pancake',160.00,1),
(35,'Club Sandwich',180.00,1),
(36,'Seekh Kebab',240.00,1),
(37,'Avocado Salad',210.00,1),
(38,'Lobster Roll',480.00,1),
(39,'Veggie Burger',200.00,1),
(40,'Pancake Stack',150.00,1),
(41,'Sushi Platter',520.00,1),
(42,'Curry Bowl',220.00,1),
(43,'Gulab Jamun',60.00,1),
(44,'Smoked Chicken',290.00,1),
(45,'Greek Salad',180.00,1),
(46,'Masala Fries',120.00,1),
(47,'BBQ Chicken Pizza',340.00,1),
(48,'Lemon Tart',130.00,1),
(49,'Tofu Stir Fry',200.00,1),
(50,'Chocolate Pancake',140.00,1);

-- DELIVERY_PARTNERS
INSERT INTO delivery_partners (full_name, phone, vehicle, rating) VALUES
('Partner 1','8000000001','Bike',4.5),
('Partner 2','8000000002','Scooter',4.2),
('Partner 3','8000000003','Electric Bike',4.3),
('Partner 4','8000000004','Bike',4.1),
('Partner 5','8000000005','Scooter',4.4),
('Partner 6','8000000006','Bike',4.0),
('Partner 7','8000000007','Electric Bike',4.6),
('Partner 8','8000000008','Scooter',4.2),
('Partner 9','8000000009','Bike',4.3),
('Partner 10','8000000010','Scooter',4.1),
('Partner 11','8000000011','Bike',4.0),
('Partner 12','8000000012','Electric Bike',4.5),
('Partner 13','8000000013','Scooter',4.4),
('Partner 14','8000000014','Bike',4.2),
('Partner 15','8000000015','Electric Bike',4.3),
('Partner 16','8000000016','Scooter',4.1),
('Partner 17','8000000017','Bike',4.6),
('Partner 18','8000000018','Electric Bike',4.0),
('Partner 19','8000000019','Scooter',4.4),
('Partner 20','8000000020','Bike',4.2),
('Partner 21','8000000021','Scooter',4.1),
('Partner 22','8000000022','Bike',4.3),
('Partner 23','8000000023','Electric Bike',4.5),
('Partner 24','8000000024','Scooter',4.2),
('Partner 25','8000000025','Bike',4.0),
('Partner 26','8000000026','Electric Bike',4.4),
('Partner 27','8000000027','Scooter',4.1),
('Partner 28','8000000028','Bike',4.3),
('Partner 29','8000000029','Electric Bike',4.2),
('Partner 30','8000000030','Scooter',4.4),
('Partner 31','8000000031','Bike',4.0),
('Partner 32','8000000032','Electric Bike',4.5),
('Partner 33','8000000033','Scooter',4.3),
('Partner 34','8000000034','Bike',4.1),
('Partner 35','8000000035','Electric Bike',4.2),
('Partner 36','8000000036','Scooter',4.3),
('Partner 37','8000000037','Bike',4.4),
('Partner 38','8000000038','Electric Bike',4.0),
('Partner 39','8000000039','Scooter',4.1),
('Partner 40','8000000040','Bike',4.2),
('Partner 41','8000000041','Electric Bike',4.3),
('Partner 42','8000000042','Scooter',4.4),
('Partner 43','8000000043','Bike',4.0),
('Partner 44','8000000044','Electric Bike',4.1),
('Partner 45','8000000045','Scooter',4.3),
('Partner 46','8000000046','Bike',4.2),
('Partner 47','8000000047','Electric Bike',4.4),
('Partner 48','8000000048','Scooter',4.1),
('Partner 49','8000000049','Bike',4.3),
('Partner 50','8000000050','Electric Bike',4.5);

-- ORDERS
INSERT INTO orders (customer_id, restaurant_id, order_time, total_amount, status, partner_id) VALUES
(1, 5, '2025-10-01 12:10:00', 420.00, 'Delivered', 12),
(2, 12, '2025-10-01 13:15:00', 350.00, 'Delivered', 7),
(3, 18, '2025-10-01 14:20:00', 560.00, 'Delivered', 3),
(4, 22, '2025-10-01 15:30:00', 290.00, 'Cancelled', NULL),
(5, 30, '2025-10-01 16:00:00', 610.00, 'Delivered', 21),
(6, 14, '2025-10-02 12:20:00', 440.00, 'Delivered', 18),
(7, 9, '2025-10-02 13:10:00', 330.00, 'Delivered', 9),
(8, 11, '2025-10-02 14:50:00', 470.00, 'Delivered', 2),
(9, 4, '2025-10-02 16:00:00', 250.00, 'Delivered', 30),
(10, 1, '2025-10-03 12:40:00', 390.00, 'Delivered', 14),
(11, 45, '2025-10-03 13:55:00', 310.00, 'Delivered', 4),
(12, 48, '2025-10-03 14:25:00', 280.00, 'Delivered', 41),
(13, 7, '2025-10-03 15:30:00', 600.00, 'Delivered', 8),
(14, 19, '2025-10-03 16:40:00', 350.00, 'Delivered', 27),
(15, 25, '2025-10-04 12:30:00', 190.00, 'Delivered', 1),
(16, 6, '2025-10-04 13:20:00', 520.00, 'Delivered', 11),
(17, 10, '2025-10-04 14:15:00', 470.00, 'Delivered', 25),
(18, 8, '2025-10-04 15:45:00', 260.00, 'Delivered', 33),
(19, 3, '2025-10-04 16:55:00', 410.00, 'Delivered', 6),
(20, 34, '2025-10-05 12:05:00', 320.00, 'Delivered', 15),
(21, 28, '2025-10-05 13:15:00', 230.00, 'Delivered', 10),
(22, 16, '2025-10-05 14:22:00', 345.00, 'Delivered', 5),
(23, 13, '2025-10-05 15:35:00', 510.00, 'Delivered', 22),
(24, 47, '2025-10-05 16:10:00', 290.00, 'Delivered', 20),
(25, 41, '2025-10-06 12:10:00', 550.00, 'Delivered', 26),
(26, 32, '2025-10-06 13:22:00', 470.00, 'Delivered', 17),
(27, 2, '2025-10-06 14:45:00', 330.00, 'Delivered', 29),
(28, 49, '2025-10-06 16:00:00', 400.00, 'Delivered', 19),
(29, 20, '2025-10-07 12:50:00', 240.00, 'Delivered', 16),
(30, 27, '2025-10-07 13:25:00', 450.00, 'Delivered', 38),
(31, 50, '2025-10-07 14:35:00', 600.00, 'Delivered', 23),
(32, 36, '2025-10-07 15:45:00', 310.00, 'Delivered', 37),
(33, 44, '2025-10-08 12:05:00', 280.00, 'Delivered', 40),
(34, 40, '2025-10-08 13:30:00', 510.00, 'Delivered', 17),
(35, 29, '2025-10-08 14:40:00', 430.00, 'Delivered', 32),
(36, 23, '2025-10-08 15:50:00', 350.00, 'Delivered', 28),
(37, 26, '2025-10-09 12:30:00', 270.00, 'Delivered', 34),
(38, 33, '2025-10-09 13:50:00', 330.00, 'Delivered', 31),
(39, 21, '2025-10-09 14:55:00', 380.00, 'Delivered', 36),
(40, 46, '2025-10-09 16:10:00', 470.00, 'Delivered', 13),
(41, 17, '2025-10-10 12:45:00', 420.00, 'Delivered', 39),
(42, 39, '2025-10-10 13:30:00', 360.00, 'Delivered', 35),
(43, 24, '2025-10-10 14:20:00', 240.00, 'Delivered', 43),
(44, 35, '2025-10-10 15:55:00', 550.00, 'Delivered', 42),
(45, 31, '2025-10-11 12:05:00', 300.00, 'Delivered', 44),
(46, 15, '2025-10-11 13:05:00', 260.00, 'Delivered', 45),
(47, 38, '2025-10-11 14:10:00', 420.00, 'Delivered', 46),
(48, 42, '2025-10-11 15:15:00', 490.00, 'Delivered', 48),
(49, 43, '2025-10-11 16:20:00', 320.00, 'Delivered', 50),
(50, 37, '2025-10-12 12:40:00', 410.00, 'Delivered', 47);


-- ORDER_ITEMS
INSERT INTO order_items (order_id, item_id, quantity, price) VALUES
(1,1,2,440.00),
(2,2,1,210.00),
(3,3,1,250.00),
(4,4,2,360.00),
(5,5,2,160.00),
(6,6,1,240.00),
(7,7,3,900.00),
(8,8,1,160.00),
(9,9,2,460.00),
(10,10,1,350.00),
(11,11,1,420.00),
(12,12,1,200.00),
(13,13,2,640.00),
(14,14,1,340.00),
(15,15,1,150.00),
(16,16,1,210.00),
(17,17,1,170.00),
(18,18,2,760.00),
(19,19,1,140.00),
(20,20,1,160.00),
(21,21,1,250.00),
(22,22,1,330.00),
(23,23,1,190.00),
(24,24,1,270.00),
(25,25,2,180.00),
(26,26,2,240.00),
(27,27,1,140.00),
(28,28,1,220.00),
(29,29,1,450.00),
(30,30,1,40.00),
(31,31,1,50.00),
(32,32,1,170.00),
(33,33,1,280.00),
(34,34,2,300.00),
(35,35,1,240.00),
(36,36,1,210.00),
(37,37,1,520.00),
(38,38,1,220.00),
(39,39,1,60.00),
(40,40,1,230.00),
(41,41,1,520.00),
(42,42,1,200.00),
(43,43,3,180.00),
(44,44,1,290.00),
(45,45,1,120.00),
(46,46,1,170.00),
(47,47,1,340.00),
(48,48,1,130.00),
(49,49,1,200.00),
(50,50,2,280.00);

-- DELIVERIES
INSERT INTO deliveries (order_id, partner_id, delivery_time, delivery_status, delivery_fee) VALUES
(1,1,NOW() - INTERVAL 49 DAY,'Delivered',25.00),
(2,2,NOW() - INTERVAL 48 DAY,'Delivered',20.00),
(3,3,NULL,'Pending',30.00),
(4,4,NULL,'Cancelled',0.00),
(5,5,NOW() - INTERVAL 45 DAY,'Delivered',18.00),
(6,6,NOW() - INTERVAL 44 DAY,'Delivered',22.00),
(7,7,NULL,'Pending',20.00),
(8,8,NOW() - INTERVAL 42 DAY,'Delivered',12.00),
(9,9,NOW() - INTERVAL 41 DAY,'On the way',27.00),
(10,10,NOW() - INTERVAL 40 DAY,'Delivered',30.00),
(11,11,NOW() - INTERVAL 39 DAY,'Delivered',25.00),
(12,12,NULL,'Pending',20.00),
(13,13,NULL,'Cancelled',0.00),
(14,14,NOW() - INTERVAL 36 DAY,'Delivered',22.00),
(15,15,NOW() - INTERVAL 35 DAY,'On the way',15.00),
(16,16,NOW() - INTERVAL 34 DAY,'Delivered',18.00),
(17,17,NULL,'Pending',20.00),
(18,18,NOW() - INTERVAL 32 DAY,'Delivered',28.00),
(19,19,NULL,'Cancelled',0.00),
(20,20,NOW() - INTERVAL 30 DAY,'Delivered',16.00),
(21,21,NOW() - INTERVAL 29 DAY,'Delivered',20.00),
(22,22,NULL,'Pending',24.00),
(23,23,NOW() - INTERVAL 27 DAY,'Delivered',18.00),
(24,24,NOW() - INTERVAL 26 DAY,'Delivered',26.00),
(25,25,NOW() - INTERVAL 25 DAY,'Delivered',8.00),
(26,26,NULL,'Pending',10.00),
(27,27,NOW() - INTERVAL 23 DAY,'Delivered',14.00),
(28,28,NOW() - INTERVAL 22 DAY,'Delivered',20.00),
(29,29,NOW() - INTERVAL 21 DAY,'Delivered',35.00),
(30,30,NOW() - INTERVAL 20 DAY,'Delivered',6.00),
(31,31,NOW() - INTERVAL 19 DAY,'Delivered',5.00),
(32,32,NULL,'Pending',12.00),
(33,33,NOW() - INTERVAL 17 DAY,'Delivered',16.00),
(34,34,NOW() - INTERVAL 16 DAY,'Delivered',18.00),
(35,35,NOW() - INTERVAL 15 DAY,'Delivered',22.00),
(36,36,NOW() - INTERVAL 14 DAY,'Delivered',20.00),
(37,37,NOW() - INTERVAL 13 DAY,'Delivered',40.00),
(38,38,NULL,'Pending',18.00),
(39,39,NULL,'Cancelled',0.00),
(40,40,NOW() - INTERVAL 10 DAY,'Delivered',20.00),
(41,41,NOW() - INTERVAL 9 DAY,'On the way',14.00),
(42,42,NOW() - INTERVAL 8 DAY,'Delivered',16.00),
(43,43,NOW() - INTERVAL 7 DAY,'Delivered',6.00),
(44,44,NOW() - INTERVAL 6 DAY,'Delivered',25.00),
(45,45,NULL,'Pending',12.00),
(46,46,NOW() - INTERVAL 4 DAY,'Delivered',10.00),
(47,47,NOW() - INTERVAL 3 DAY,'Delivered',28.00),
(48,48,NOW() - INTERVAL 2 DAY,'Delivered',9.00),
(49,49,NOW() - INTERVAL 1 DAY,'Delivered',15.00),
(50,50,NOW(),'Delivered',12.00);

-- PAYMENTS
INSERT INTO payments (order_id, amount, payment_method, payment_status, payment_time) VALUES
(1,420.00,'UPI','Success',NOW() - INTERVAL 49 DAY),
(2,210.00,'Card','Success',NOW() - INTERVAL 48 DAY),
(3,250.00,'COD','Pending',NOW() - INTERVAL 47 DAY),
(4,180.00,'UPI','Failed',NOW() - INTERVAL 46 DAY),
(5,160.00,'Card','Success',NOW() - INTERVAL 45 DAY),
(6,240.00,'UPI','Success',NOW() - INTERVAL 44 DAY),
(7,300.00,'Card','Failed',NOW() - INTERVAL 43 DAY),
(8,160.00,'COD','Success',NOW() - INTERVAL 42 DAY),
(9,290.00,'UPI','Success',NOW() - INTERVAL 41 DAY),
(10,350.00,'Card','Success',NOW() - INTERVAL 40 DAY),
(11,420.00,'UPI','Success',NOW() - INTERVAL 39 DAY),
(12,200.00,'Card','Failed',NOW() - INTERVAL 38 DAY),
(13,320.00,'COD','Success',NOW() - INTERVAL 37 DAY),
(14,340.00,'UPI','Success',NOW() - INTERVAL 36 DAY),
(15,150.00,'Card','Success',NOW() - INTERVAL 35 DAY),
(16,210.00,'COD','Success',NOW() - INTERVAL 34 DAY),
(17,170.00,'UPI','Failed',NOW() - INTERVAL 33 DAY),
(18,380.00,'Card','Success',NOW() - INTERVAL 32 DAY),
(19,140.00,'UPI','Success',NOW() - INTERVAL 31 DAY),
(20,160.00,'COD','Success',NOW() - INTERVAL 30 DAY),
(21,250.00,'UPI','Success',NOW() - INTERVAL 29 DAY),
(22,330.00,'Card','Pending',NOW() - INTERVAL 28 DAY),
(23,190.00,'COD','Success',NOW() - INTERVAL 27 DAY),
(24,270.00,'UPI','Success',NOW() - INTERVAL 26 DAY),
(25,180.00,'Card','Success',NOW() - INTERVAL 25 DAY),
(26,120.00,'COD','Pending',NOW() - INTERVAL 24 DAY),
(27,140.00,'UPI','Success',NOW() - INTERVAL 23 DAY),
(28,220.00,'Card','Success',NOW() - INTERVAL 22 DAY),
(29,450.00,'UPI','Success',NOW() - INTERVAL 21 DAY),
(30,40.00,'COD','Success',NOW() - INTERVAL 20 DAY),
(31,50.00,'Card','Success',NOW() - INTERVAL 19 DAY),
(32,170.00,'UPI','Pending',NOW() - INTERVAL 18 DAY),
(33,280.00,'Card','Success',NOW() - INTERVAL 17 DAY),
(34,150.00,'COD','Success',NOW() - INTERVAL 16 DAY),
(35,240.00,'UPI','Success',NOW() - INTERVAL 15 DAY),
(36,210.00,'Card','Success',NOW() - INTERVAL 14 DAY),
(37,520.00,'UPI','Success',NOW() - INTERVAL 13 DAY),
(38,220.00,'COD','Pending',NOW() - INTERVAL 12 DAY),
(39,60.00,'Card','Failed',NOW() - INTERVAL 11 DAY),
(40,230.00,'UPI','Success',NOW() - INTERVAL 10 DAY),
(41,140.00,'Card','Pending',NOW() - INTERVAL 9 DAY),
(42,200.00,'UPI','Success',NOW() - INTERVAL 8 DAY),
(43,60.00,'COD','Success',NOW() - INTERVAL 7 DAY),
(44,290.00,'Card','Success',NOW() - INTERVAL 6 DAY),
(45,180.00,'UPI','Pending',NOW() - INTERVAL 5 DAY),
(46,120.00,'Card','Success',NOW() - INTERVAL 4 DAY),
(47,340.00,'COD','Success',NOW() - INTERVAL 3 DAY),
(48,130.00,'UPI','Success',NOW() - INTERVAL 2 DAY),
(49,200.00,'Card','Success',NOW() - INTERVAL 1 DAY),
(50,140.00,'UPI','Success',NOW());

-- REVIEWS
INSERT INTO reviews (order_id, customer_id, restaurant_id, rating, comment, review_time) VALUES
(1,1,1,5,'Amazing food and quick delivery',NOW() - INTERVAL 48 DAY),
(2,2,2,4,'Good taste',NOW() - INTERVAL 47 DAY),
(3,3,3,3,'Average experience',NOW() - INTERVAL 46 DAY),
(4,4,4,2,'Order cancelled, poor handling',NOW() - INTERVAL 45 DAY),
(5,5,5,5,'Loved the dessert!',NOW() - INTERVAL 44 DAY),
(6,6,6,4,'Biryani was well cooked',NOW() - INTERVAL 43 DAY),
(7,7,7,3,'Pizza was okay',NOW() - INTERVAL 42 DAY),
(8,8,8,4,'Packaging good',NOW() - INTERVAL 41 DAY),
(9,9,9,5,'Spicy and tasty',NOW() - INTERVAL 40 DAY),
(10,10,10,4,'Fresh sushi',NOW() - INTERVAL 39 DAY),
(11,11,11,5,'BBQ was excellent',NOW() - INTERVAL 38 DAY),
(12,12,12,3,'Salad was average',NOW() - INTERVAL 37 DAY),
(13,13,13,4,'Loved it',NOW() - INTERVAL 36 DAY),
(14,14,14,5,'Great pizza',NOW() - INTERVAL 35 DAY),
(15,15,15,4,'Dessert tasted great',NOW() - INTERVAL 34 DAY),
(16,16,16,4,'Good shawarma',NOW() - INTERVAL 33 DAY),
(17,17,17,3,'Noodles were greasy',NOW() - INTERVAL 32 DAY),
(18,18,18,5,'Excellent prawns',NOW() - INTERVAL 31 DAY),
(19,19,19,2,'Wrap was soggy',NOW() - INTERVAL 30 DAY),
(20,20,20,4,'Good dumplings',NOW() - INTERVAL 29 DAY),
(21,21,21,5,'Biryani top notch',NOW() - INTERVAL 28 DAY),
(22,22,22,4,'Tender lamb',NOW() - INTERVAL 27 DAY),
(23,23,23,4,'Satisfying sandwich',NOW() - INTERVAL 26 DAY),
(24,24,24,4,'Fish curry authentic',NOW() - INTERVAL 25 DAY),
(25,25,25,5,'Dosa perfect',NOW() - INTERVAL 24 DAY),
(26,26,26,3,'Momos were ok',NOW() - INTERVAL 23 DAY),
(27,27,27,5,'Chocolates yummy',NOW() - INTERVAL 22 DAY),
(28,28,28,4,'Burger great',NOW() - INTERVAL 21 DAY),
(29,29,29,4,'Paneer was soft',NOW() - INTERVAL 20 DAY),
(30,30,30,4,'Good buffet options',NOW() - INTERVAL 19 DAY),
(31,31,31,4,'Nice chai',NOW() - INTERVAL 18 DAY),
(32,32,32,3,'Naan hard',NOW() - INTERVAL 17 DAY),
(33,33,33,4,'Falafel tasty',NOW() - INTERVAL 16 DAY),
(34,34,34,5,'Pancakes were fluffy',NOW() - INTERVAL 15 DAY),
(35,35,35,4,'Very fresh',NOW() - INTERVAL 14 DAY),
(36,36,36,4,'Kebabs good',NOW() - INTERVAL 13 DAY),
(37,37,37,5,'Lovely salad',NOW() - INTERVAL 12 DAY),
(38,38,38,4,'Lobster expensive but good',NOW() - INTERVAL 11 DAY),
(39,39,39,3,'Burger ok',NOW() - INTERVAL 10 DAY),
(40,40,40,4,'Pancakes tasty',NOW() - INTERVAL 9 DAY),
(41,41,41,5,'Sushi great',NOW() - INTERVAL 8 DAY),
(42,42,42,4,'Nice curry',NOW() - INTERVAL 7 DAY),
(43,43,43,2,'Sweet too sweet',NOW() - INTERVAL 6 DAY),
(44,44,44,4,'Smoked chicken nice',NOW() - INTERVAL 5 DAY),
(45,45,45,3,'Okay experience',NOW() - INTERVAL 4 DAY),
(46,46,46,4,'Masala fries good',NOW() - INTERVAL 3 DAY),
(47,47,47,4,'BBQ pizza tasty',NOW() - INTERVAL 2 DAY),
(48,48,48,5,'Lemon tart delicious',NOW() - INTERVAL 1 DAY),
(49,49,49,4,'Tofu stir fry good',NOW()),
(50,50,50,5,'Best pancakes',NOW());
